<?xml version="1.0" encoding="UTF-8"?>
<project-private xmlns="http://www.netbeans.org/ns/project-private/1">
    <editor-bookmarks xmlns="http://www.netbeans.org/ns/editor-bookmarks/2" lastBookmarkId="0"/>
    <open-files xmlns="http://www.netbeans.org/ns/projectui-open-files/2">
        <group>
            <file>file:/C:/Users/Lenovo/OneDrive/Desktop/C_001/Christ's%20File/BSIT_Assignment%20and%20Activities/2nd%20SEM/BATUIGAS_DELATORRE_UDDIN_CIT15223Z_MidtermProject(Final)/java%20file/MemorialPlanGUI/src/memorial/Result.java</file>
            <file>file:/C:/Users/Lenovo/OneDrive/Desktop/C_001/Christ's%20File/BSIT_Assignment%20and%20Activities/2nd%20SEM/BATUIGAS_DELATORRE_UDDIN_CIT15223Z_MidtermProject(Final)/java%20file/MemorialPlanGUI/src/memorial/info.java</file>
            <file>file:/C:/Users/Lenovo/OneDrive/Desktop/C_001/Christ's%20File/BSIT_Assignment%20and%20Activities/2nd%20SEM/BATUIGAS_DELATORRE_UDDIN_CIT15223Z_MidtermProject(Final)/java%20file/MemorialPlanGUI/src/memorial/MemorialPlanClass.java</file>
            <file>file:/C:/Users/Lenovo/OneDrive/Desktop/C_001/Christ's%20File/BSIT_Assignment%20and%20Activities/2nd%20SEM/BATUIGAS_DELATORRE_UDDIN_CIT15223Z_MidtermProject(Final)/java%20file/MemorialPlanGUI/src/memorial/main.java</file>
            <file>file:/C:/Users/Lenovo/OneDrive/Desktop/C_001/Christ's%20File/BSIT_Assignment%20and%20Activities/2nd%20SEM/BATUIGAS_DELATORRE_UDDIN_CIT15223Z_MidtermProject(Final)/java%20file/MemorialPlanGUI/src/memorial/PopUp.java</file>
            <file>file:/C:/Users/Lenovo/OneDrive/Desktop/C_001/Christ's%20File/BSIT_Assignment%20and%20Activities/2nd%20SEM/BATUIGAS_DELATORRE_UDDIN_CIT15223Z_MidtermProject(Final)/java%20file/MemorialPlanGUI/src/Pictures/remove.png</file>
        </group>
    </open-files>
</project-private>
